iter	Accuracy	MultiClass
0	0.5771151809	1.057861962
1	0.5777205994	1.026312405
2	0.5813531103	0.9992252382
3	0.5768124716	0.9800198688
4	0.5746935069	0.9627906143
5	0.5771151809	0.9490781784
6	0.5781746632	0.9364474087
