iter	Accuracy	MultiClass
0	0.5050703799	1.081764813
1	0.5548660512	1.044966779
2	0.5743907976	1.015517787
3	0.5748448615	0.9943918226
4	0.5822612381	0.974926005
5	0.5837747843	0.9587316739
6	0.581504465	0.94587951
7	0.580293628	0.9333155118
8	0.5805963372	0.9228715002
9	0.5801422733	0.9136808458
10	0.5787800817	0.9070356608
11	0.5784773725	0.90196375
12	0.5786287271	0.8949498299
13	0.5807476918	0.8898244952
14	0.5801422733	0.8870845629
15	0.5812017557	0.8825979784
